bbc.381790	1
bbc.381790	2
bbc.381790	3
bbc.381790	4
bbc.381790	5
bbc.381790	6
bbc.381790	7
bbc.381790	8
bbc.381790	9
bbc.381790	10
bbc.381790	11
bbc.381790	12
bbc.381790	13
bbc.381790	14
bbc.381790	15
bbc.381790	16
rt.com.91337	1
rt.com.91337	2
rt.com.91337	3
rt.com.91337	4
rt.com.91337	5
rt.com.91337	6
nytimes.184853	1
nytimes.184853	2
nytimes.184853	3
nytimes.184853	4
nytimes.184853	5
nytimes.184853	6
nytimes.184853	7
nytimes.184853	8
nytimes.184853	9
nytimes.184853	10
nytimes.184853	11
nytimes.184853	12
nytimes.184853	13
nytimes.184853	14
nytimes.184853	15
nytimes.184853	16
nytimes.184853	17
nytimes.184853	18
nytimes.184853	19
nytimes.184853	20
nytimes.184853	21
upi.176266	1
upi.176266	2
upi.176266	3
upi.176266	4
upi.176266	5
upi.176266	6
upi.176266	7
upi.176266	8
upi.176266	9
upi.176266	10
upi.176266	11
upi.176266	12
upi.176266	13
upi.176266	14
guardian.221754	1
guardian.221754	2
guardian.221754	3
guardian.221754	4
guardian.221754	5
guardian.221754	6
guardian.221754	7
guardian.221754	8
guardian.221754	9
guardian.221754	10
guardian.221754	11
guardian.221754	12
guardian.221754	13
guardian.221754	14
guardian.221754	15
guardian.221754	16
guardian.221754	17
guardian.221754	18
dailymail.co.uk.298595	1
dailymail.co.uk.298595	2
dailymail.co.uk.298595	3
dailymail.co.uk.298595	4
dailymail.co.uk.298595	5
dailymail.co.uk.298595	6
dailymail.co.uk.298595	7
dailymail.co.uk.298595	8
dailymail.co.uk.298595	9
dailymail.co.uk.298595	10
dailymail.co.uk.298595	11
dailymail.co.uk.298595	12
dailymail.co.uk.298595	13
dailymail.co.uk.298595	14
dailymail.co.uk.298595	15
dailymail.co.uk.298595	16
dailymail.co.uk.298595	17
dailymail.co.uk.298595	18
dailymail.co.uk.298595	19
dailymail.co.uk.298595	20
dailymail.co.uk.298595	21
cnbc.com.6790	1
cnbc.com.6790	2
cnbc.com.6790	3
cnbc.com.6790	4
cnbc.com.6790	5
cnbc.com.6790	6
cnbc.com.6790	7
cnbc.com.6790	8
cnbc.com.6790	9
cnbc.com.6790	10
cnbc.com.6790	11
cnbc.com.6790	12
cnbc.com.6790	13
cnbc.com.6790	14
cnbc.com.6790	15
cnbc.com.6790	16
cnbc.com.6790	17
nytimes.184837	1
nytimes.184837	2
nytimes.184837	3
nytimes.184837	4
nytimes.184837	5
nytimes.184837	6
nytimes.184837	7
nytimes.184837	8
nytimes.184837	9
nytimes.184837	10
nytimes.184837	11
nytimes.184837	12
nytimes.184837	13
nytimes.184837	14
nytimes.184837	15
nytimes.184837	16
upi.176249	1
upi.176249	2
upi.176249	3
upi.176249	4
upi.176249	5
upi.176249	6
upi.176249	7
upi.176249	8
upi.176249	9
upi.176249	10
upi.176249	11
upi.176249	12
upi.176249	13
upi.176249	14
upi.176249	15
euronews-en.153835	1
euronews-en.153835	2
euronews-en.153835	3
euronews-en.153835	4
dailymail.co.uk.298732	1
dailymail.co.uk.298732	2
dailymail.co.uk.298732	3
dailymail.co.uk.298732	4
dailymail.co.uk.298732	5
dailymail.co.uk.298732	6
dailymail.co.uk.298732	7
dailymail.co.uk.298732	8
dailymail.co.uk.298732	9
dailymail.co.uk.298732	10
dailymail.co.uk.298732	11
dailymail.co.uk.298732	12
dailymail.co.uk.298732	13
dailymail.co.uk.298732	14
dailymail.co.uk.298732	15
dailymail.co.uk.298732	16
dailymail.co.uk.298732	17
dailymail.co.uk.298732	18
telegraph.405401	1
telegraph.405401	2
telegraph.405401	3
telegraph.405401	4
telegraph.405401	5
telegraph.405401	6
telegraph.405401	7
telegraph.405401	8
telegraph.405401	9
telegraph.405401	10
telegraph.405401	11
newsweek.51331	1
newsweek.51331	2
newsweek.51331	3
newsweek.51331	4
newsweek.51331	5
newsweek.51331	6
newsweek.51331	7
newsweek.51331	8
newsweek.51331	9
newsweek.51331	10
newsweek.51331	11
newsweek.51331	12
newsweek.51331	13
newsweek.51331	14
newsweek.51331	15
newsweek.51331	16
newsweek.51331	17
newsweek.51331	18
newsweek.51331	19
newsweek.51331	20
newsweek.51331	21
abcnews.306815	1
abcnews.306815	2
abcnews.306815	3
abcnews.306815	4
abcnews.306815	5
abcnews.306815	6
abcnews.306815	7
abcnews.306815	8
abcnews.306815	9
abcnews.306815	10
abcnews.306815	11
abcnews.306815	12
abcnews.306815	13
abcnews.306815	14
abcnews.306815	15
abcnews.306815	16
abcnews.306815	17
abcnews.306815	18
abcnews.306815	19
abcnews.306815	20
abcnews.306815	21
abcnews.306815	22
abcnews.306815	23
abcnews.306815	24
abcnews.306815	25
abcnews.306815	26
abcnews.306815	27
cbsnews.248384	1
cbsnews.248384	2
cbsnews.248384	3
cbsnews.248384	4
cbsnews.248384	5
cbsnews.248384	6
cbsnews.248384	7
cbsnews.248384	8
cbsnews.248384	9
cbsnews.248384	10
cbsnews.248384	11
cbsnews.248384	12
cbsnews.248384	13
cbsnews.248384	14
cbsnews.248384	15
cbsnews.248384	16
cbsnews.248384	17
cbsnews.248384	18
cbsnews.248384	19
cbsnews.248384	20
cbsnews.248384	21
cbsnews.248384	22
cbsnews.248384	23
cbsnews.248384	24
cbsnews.248384	25
cbsnews.248384	26
cbsnews.248384	27
reuters.218882	1
reuters.218882	2
reuters.218882	3
reuters.218882	4
cbsnews.248387	1
cbsnews.248387	2
cbsnews.248387	3
cbsnews.248387	4
cbsnews.248387	5
cbsnews.248387	6
cbsnews.248387	7
cbsnews.248387	8
cbsnews.248387	9
cbsnews.248387	10
cbsnews.248387	11
cbsnews.248387	12
cbsnews.248387	13
cbsnews.248387	14
cbsnews.248387	15
abcnews.306764	1
abcnews.306764	2
abcnews.306764	3
abcnews.306764	4
abcnews.306764	5
abcnews.306764	6
abcnews.306764	7
reuters.218888	1
reuters.218888	2
reuters.218888	3
reuters.218888	4
reuters.218888	5
reuters.218888	6
reuters.218888	7
reuters.218888	8
reuters.218888	9
reuters.218888	10
reuters.218888	11
reuters.218888	12
reuters.218888	13
reuters.218888	14
reuters.218888	15
reuters.218888	16
reuters.218888	17
reuters.218888	18
reuters.218888	19
bbc.381780	1
bbc.381780	2
bbc.381780	3
bbc.381780	4
bbc.381780	5
bbc.381746	1
bbc.381746	2
bbc.381746	3
bbc.381746	4
bbc.381746	5
bbc.381746	6
bbc.381746	7
bbc.381746	8
bbc.381746	9
bbc.381746	10
bbc.381746	11
bbc.381746	12
bbc.381746	13
bbc.381746	14
bbc.381746	15
bbc.381746	16
bbc.381746	17
bbc.381746	18
bbc.381746	19
bbc.381746	20
bbc.381746	21
bbc.381746	22
bbc.381746	23
bbc.381746	24
bbc.381746	25
bbc.381746	26
bbc.381746	27
euronews-en.153800	1
euronews-en.153800	2
euronews-en.153800	3
euronews-en.153800	4
euronews-en.153800	5
euronews-en.153800	6
euronews-en.153800	7
euronews-en.153800	8
euronews-en.153800	9
bbc.381679	1
bbc.381679	2
bbc.381679	3
bbc.381679	4
bbc.381679	5
bbc.381679	6
bbc.381679	7
bbc.381735	1
bbc.381735	2
bbc.381735	3
bbc.381735	4
bbc.381735	5
bbc.381735	6
bbc.381735	7
bbc.381735	8
bbc.381735	9
bbc.381735	10
bbc.381735	11
newsweek.51338	1
newsweek.51338	2
newsweek.51338	3
newsweek.51338	4
newsweek.51338	5
newsweek.51338	6
newsweek.51338	7
newsweek.51338	8
newsweek.51338	9
newsweek.51338	10
newsweek.51338	11
newsweek.51338	12
newsweek.51338	13
newsweek.51338	14
newsweek.51338	15
newsweek.51338	16
newsweek.51338	17
newsweek.51338	18
newsweek.51338	19
newsweek.51338	20
bbc.381765	1
bbc.381765	2
bbc.381765	3
bbc.381765	4
bbc.381765	5
bbc.381765	6
cnn.304489	1
cnn.304489	2
cnn.304489	3
cnn.304489	4
cnn.304489	5
cnn.304489	6
cnn.304489	7
cnn.304489	8
cnn.304489	9
cnn.304489	10
cnn.304489	11
cnn.304489	12
cnn.304489	13
reuters.218863	1
reuters.218863	2
reuters.218863	3
reuters.218863	4
reuters.218863	5
reuters.218863	6
reuters.218863	7
reuters.218863	8
reuters.218863	9
reuters.218863	10
reuters.218863	11
reuters.218863	12
reuters.218863	13
reuters.218863	14
reuters.218863	15
reuters.218863	16
reuters.218863	17
reuters.218863	18
reuters.218863	19
reuters.218863	20
reuters.218863	21
reuters.218863	22
reuters.218863	23
reuters.218863	24
reuters.218863	25
reuters.218863	26
reuters.218863	27
nytimes.184860	1
nytimes.184860	2
nytimes.184860	3
nytimes.184860	4
nytimes.184860	5
nytimes.184860	6
nytimes.184860	7
nytimes.184860	8
nytimes.184860	9
nytimes.184860	10
nytimes.184860	11
nytimes.184860	12
nytimes.184860	13
nytimes.184860	14
nytimes.184860	15
nytimes.184860	16
nytimes.184860	17
nytimes.184860	18
nytimes.184860	19
cnn.304404	1
cnn.304404	2
cnn.304404	3
cnn.304404	4
cnn.304404	5
cnn.304404	6
bbc.381647	1
bbc.381647	2
bbc.381647	3
bbc.381647	4
bbc.381647	5
bbc.381647	6
bbc.381647	7
bbc.381647	8
bbc.381647	9
bbc.381647	10
bbc.381647	11
bbc.381647	12
bbc.381647	13
bbc.381647	14
abcnews.306758	1
abcnews.306758	2
abcnews.306758	3
abcnews.306758	4
abcnews.306758	5
abcnews.306758	6
cnbc.com.6772	1
cnbc.com.6772	2
cnbc.com.6772	3
cnbc.com.6772	4
cnbc.com.6772	5
cnbc.com.6772	6
cnbc.com.6772	7
cnbc.com.6772	8
cnbc.com.6772	9
cnbc.com.6772	10
cnbc.com.6772	11
cnbc.com.6772	12
cnbc.com.6772	13
cnbc.com.6772	14
cnbc.com.6772	15
cnbc.com.6772	16
cnbc.com.6772	17
cnbc.com.6772	18
cnbc.com.6772	19
cnbc.com.6772	20
reuters.218932	1
reuters.218932	2
reuters.218932	3
reuters.218932	4
reuters.218932	5
reuters.218932	6
reuters.218932	7
reuters.218932	8
reuters.218932	9
reuters.218932	10
reuters.218932	11
reuters.218932	12
reuters.218932	13
reuters.218932	14
reuters.218932	15
reuters.218932	16
reuters.218932	17
reuters.218932	18
reuters.218932	19
reuters.218932	20
reuters.218932	21
reuters.218932	22
reuters.218932	23
reuters.218932	24
reuters.218932	25
reuters.218932	26
upi.176251	1
upi.176251	2
upi.176251	3
upi.176251	4
upi.176251	5
upi.176251	6
upi.176251	7
upi.176251	8
upi.176251	9
upi.176251	10
upi.176251	11
upi.176251	12
upi.176251	13
upi.176251	14
upi.176251	15
upi.176251	16
upi.176251	17
upi.176251	18
upi.176251	19
upi.176251	20
reuters.218921	1
reuters.218921	2
reuters.218921	3
reuters.218921	4
reuters.218921	5
reuters.218921	6
reuters.218921	7
reuters.218921	8
reuters.218921	9
cnn.304447	1
cnn.304447	2
cnn.304447	3
cnn.304447	4
cnn.304447	5
cnn.304447	6
cnn.304447	7
cnn.304447	8
cnn.304447	9
cnn.304447	10
cnn.304447	11
cnn.304447	12
cnn.304447	13
cnn.304447	14
cnn.304447	15
guardian.221679	1
guardian.221679	2
guardian.221679	3
guardian.221679	4
guardian.221679	5
guardian.221679	6
guardian.221679	7
guardian.221679	8
guardian.221679	9
guardian.221679	10
guardian.221679	11
guardian.221679	12
guardian.221679	13
guardian.221679	14
guardian.221679	15
guardian.221679	16
guardian.221679	17
guardian.221679	18
guardian.221679	19
guardian.221679	20
guardian.221679	21
guardian.221679	22
guardian.221679	23
guardian.221679	24
guardian.221679	25
guardian.221679	26
guardian.221679	27
scotsman.133765	1
scotsman.133765	2
scotsman.133765	3
scotsman.133765	4
scotsman.133765	5
scotsman.133765	6
scotsman.133765	7
scotsman.133765	8
scotsman.133765	9
scotsman.133765	10
scotsman.133765	11
scotsman.133765	12
scotsman.133765	13
scotsman.133804	1
scotsman.133804	2
scotsman.133804	3
scotsman.133804	4
scotsman.133804	5
scotsman.133804	6
guardian.221762	1
guardian.221762	2
guardian.221762	3
guardian.221762	4
guardian.221762	5
guardian.221762	6
guardian.221762	7
guardian.221762	8
guardian.221762	9
guardian.221762	10
guardian.221762	11
guardian.221762	12
guardian.221762	13
guardian.221762	14
guardian.221762	15
guardian.221762	16
guardian.221762	17
guardian.221762	18
guardian.221762	19
guardian.221762	20
guardian.221762	21
guardian.221762	22
guardian.221762	23
guardian.221762	24
cnbc.com.6769	1
cnbc.com.6769	2
cnbc.com.6769	3
cnbc.com.6769	4
cnbc.com.6769	5
cnbc.com.6769	6
cnbc.com.6769	7
cnbc.com.6769	8
cnbc.com.6769	9
cnbc.com.6769	10
dailymail.co.uk.298692	1
dailymail.co.uk.298692	2
dailymail.co.uk.298692	3
dailymail.co.uk.298692	4
dailymail.co.uk.298692	5
dailymail.co.uk.298692	6
dailymail.co.uk.298692	7
dailymail.co.uk.298692	8
dailymail.co.uk.298692	9
dailymail.co.uk.298692	10
dailymail.co.uk.298692	11
dailymail.co.uk.298692	12
dailymail.co.uk.298692	13
dailymail.co.uk.298692	14
dailymail.co.uk.298692	15
scotsman.133744	1
scotsman.133744	2
scotsman.133744	3
scotsman.133744	4
scotsman.133744	5
scotsman.133744	6
scotsman.133744	7
scotsman.133744	8
scotsman.133744	9
scotsman.133744	10
scotsman.133744	11
scotsman.133744	12
scotsman.133744	13
scotsman.133744	14
scotsman.133744	15
scotsman.133744	16
scotsman.133744	17
scotsman.133744	18
scotsman.133744	19
scotsman.133744	20
scotsman.133744	21
scotsman.133744	22
scotsman.133744	23
scotsman.133744	24
scotsman.133744	25
scotsman.133744	26
scotsman.133744	27
scotsman.133744	28
scotsman.133744	29
scotsman.133744	30
reuters.218911	1
reuters.218911	2
reuters.218911	3
reuters.218911	4
reuters.218911	5
reuters.218911	6
reuters.218911	7
reuters.218911	8
newsweek.51310	1
newsweek.51310	2
newsweek.51310	3
newsweek.51310	4
newsweek.51310	5
newsweek.51310	6
newsweek.51310	7
newsweek.51310	8
newsweek.51310	9
newsweek.51310	10
newsweek.51310	11
newsweek.51310	12
newsweek.51310	13
newsweek.51310	14
newsweek.51310	15
independent.226301	1
independent.226301	2
independent.226301	3
independent.226301	4
independent.226301	5
independent.226301	6
independent.226301	7
independent.226301	8
independent.226301	9
independent.226301	10
independent.226301	11
independent.226301	12
independent.226301	13
independent.226301	14
independent.226301	15
independent.226301	16
independent.226301	17
independent.226301	18
independent.226301	19
independent.226301	20
independent.226301	21
independent.226301	22
independent.226301	23
independent.226301	24
reuters.218923	1
reuters.218923	2
reuters.218923	3
reuters.218923	4
reuters.218923	5
reuters.218923	6
reuters.218923	7
reuters.218923	8
reuters.218923	9
reuters.218923	10
reuters.218923	11
reuters.218923	12
reuters.218923	13
reuters.218923	14
reuters.218923	15
reuters.218861	1
reuters.218861	2
reuters.218861	3
reuters.218861	4
reuters.218861	5
reuters.218861	6
reuters.218861	7
reuters.218861	8
reuters.218861	9
reuters.218861	10
reuters.218861	11
reuters.218861	12
reuters.218861	13
reuters.218861	14
reuters.218861	15
reuters.218861	16
reuters.218861	17
reuters.218861	18
reuters.218861	19
reuters.218861	20
reuters.218861	21
reuters.218861	22
reuters.218861	23
reuters.218861	24
reuters.218861	25
dailymail.co.uk.298759	1
dailymail.co.uk.298759	2
dailymail.co.uk.298759	3
dailymail.co.uk.298759	4
dailymail.co.uk.298759	5
dailymail.co.uk.298759	6
dailymail.co.uk.298759	7
dailymail.co.uk.298759	8
dailymail.co.uk.298759	9
dailymail.co.uk.298759	10
dailymail.co.uk.298759	11
dailymail.co.uk.298759	12
dailymail.co.uk.298759	13
dailymail.co.uk.298759	14
dailymail.co.uk.298759	15
dailymail.co.uk.298759	16
dailymail.co.uk.298759	17
dailymail.co.uk.298759	18
dailymail.co.uk.298759	19
dailymail.co.uk.298759	20
dailymail.co.uk.298759	21
scotsman.133791	1
scotsman.133791	2
scotsman.133791	3
scotsman.133791	4
scotsman.133791	5
scotsman.133791	6
scotsman.133791	7
scotsman.133791	8
scotsman.133791	9
scotsman.133791	10
scotsman.133791	11
scotsman.133791	12
scotsman.133791	13
scotsman.133791	14
scotsman.133791	15
scotsman.133791	16
scotsman.133791	17
scotsman.133791	18
scotsman.133791	19
scotsman.133791	20
scotsman.133791	21
cbsnews.248484	1
cbsnews.248484	2
cbsnews.248484	3
cbsnews.248484	4
cbsnews.248484	5
cbsnews.248484	6
cbsnews.248484	7
cbsnews.248484	8
cbsnews.248484	9
cbsnews.248484	10
dailymail.co.uk.298630	1
dailymail.co.uk.298630	2
dailymail.co.uk.298630	3
dailymail.co.uk.298630	4
dailymail.co.uk.298630	5
dailymail.co.uk.298630	6
dailymail.co.uk.298630	7
dailymail.co.uk.298630	8
dailymail.co.uk.298630	9
dailymail.co.uk.298630	10
dailymail.co.uk.298630	11
newsweek.51329	1
newsweek.51329	2
newsweek.51329	3
newsweek.51329	4
newsweek.51329	5
newsweek.51329	6
newsweek.51329	7
newsweek.51329	8
newsweek.51329	9
newsweek.51329	10
newsweek.51329	11
newsweek.51329	12
newsweek.51329	13
newsweek.51329	14
newsweek.51329	15
newsweek.51329	16
newsweek.51329	17
newsweek.51329	18
newsweek.51329	19
newsweek.51329	20
newsweek.51329	21
newsweek.51329	22
newsweek.51329	23
newsweek.51329	24
newsweek.51329	25
newsweek.51329	26
newsweek.51329	27
bbc.381701	1
bbc.381701	2
bbc.381701	3
bbc.381701	4
bbc.381701	5
dailymail.co.uk.298738	1
dailymail.co.uk.298738	2
dailymail.co.uk.298738	3
dailymail.co.uk.298738	4
dailymail.co.uk.298738	5
dailymail.co.uk.298738	6
dailymail.co.uk.298738	7
dailymail.co.uk.298738	8
dailymail.co.uk.298738	9
dailymail.co.uk.298738	10
dailymail.co.uk.298738	11
dailymail.co.uk.298738	12
dailymail.co.uk.298738	13
dailymail.co.uk.298738	14
dailymail.co.uk.298738	15
dailymail.co.uk.298738	16
dailymail.co.uk.298738	17
dailymail.co.uk.298738	18
bbc.381669	1
bbc.381669	2
bbc.381669	3
bbc.381669	4
bbc.381669	5
bbc.381669	6
bbc.381669	7
bbc.381669	8
bbc.381669	9
bbc.381669	10
bbc.381669	11
bbc.381669	12
bbc.381669	13
foxnews.94512	1
foxnews.94512	2
foxnews.94512	3
foxnews.94512	4
foxnews.94512	5
foxnews.94512	6
foxnews.94512	7
foxnews.94512	8
foxnews.94512	9
foxnews.94512	10
foxnews.94512	11
foxnews.94512	12
foxnews.94512	13
foxnews.94512	14
foxnews.94512	15
foxnews.94512	16
foxnews.94512	17
foxnews.94512	18
foxnews.94512	19
foxnews.94512	20
foxnews.94512	21
foxnews.94512	22
foxnews.94512	23
guardian.221718	1
guardian.221718	2
guardian.221718	3
guardian.221718	4
guardian.221718	5
guardian.221718	6
guardian.221718	7
guardian.221718	8
guardian.221718	9
guardian.221718	10
guardian.221718	11
guardian.221718	12
guardian.221718	13
guardian.221718	14
guardian.221718	15
guardian.221718	16
guardian.221718	17
guardian.221718	18
guardian.221718	19
guardian.221718	20
guardian.221718	21
guardian.221718	22
guardian.221718	23
dailymail.co.uk.298686	1
dailymail.co.uk.298686	2
dailymail.co.uk.298686	3
dailymail.co.uk.298686	4
dailymail.co.uk.298686	5
dailymail.co.uk.298686	6
dailymail.co.uk.298686	7
dailymail.co.uk.298686	8
dailymail.co.uk.298686	9
dailymail.co.uk.298686	10
dailymail.co.uk.298686	11
dailymail.co.uk.298686	12
dailymail.co.uk.298686	13
dailymail.co.uk.298686	14
dailymail.co.uk.298686	15
cbsnews.248471	1
cbsnews.248471	2
cbsnews.248471	3
cbsnews.248471	4
cbsnews.248471	5
cbsnews.248471	6
cbsnews.248471	7
cbsnews.248471	8
cbsnews.248471	9
cbsnews.248471	10
cbsnews.248471	11
cbsnews.248471	12
cbsnews.248471	13
cbsnews.248471	14
newsweek.51318	1
newsweek.51318	2
newsweek.51318	3
newsweek.51318	4
newsweek.51318	5
newsweek.51318	6
newsweek.51318	7
newsweek.51318	8
newsweek.51318	9
newsweek.51318	10
newsweek.51318	11
newsweek.51318	12
newsweek.51318	13
newsweek.51318	14
newsweek.51318	15
newsweek.51318	16
newsweek.51318	17
newsweek.51318	18
rt.com.91335	1
rt.com.91335	2
rt.com.91335	3
rt.com.91335	4
rt.com.91335	5
rt.com.91335	6
rt.com.91335	7
rt.com.91335	8
rt.com.91335	9
rt.com.91335	10
rt.com.91335	11
rt.com.91335	12
rt.com.91335	13
rt.com.91335	14
rt.com.91335	15
rt.com.91335	16
rt.com.91335	17
newsweek.51300	1
newsweek.51300	2
newsweek.51300	3
newsweek.51300	4
newsweek.51300	5
newsweek.51300	6
newsweek.51300	7
newsweek.51300	8
newsweek.51300	9
newsweek.51300	10
newsweek.51300	11
newsweek.51300	12
newsweek.51300	13
newsweek.51300	14
newsweek.51300	15
cnn.304478	1
cnn.304478	2
cnn.304478	3
cnn.304478	4
cnn.304478	5
cnn.304478	6
upi.176275	1
upi.176275	2
upi.176275	3
upi.176275	4
upi.176275	5
upi.176275	6
upi.176275	7
upi.176275	8
upi.176275	9
upi.176275	10
upi.176275	11
upi.176275	12
upi.176275	13
upi.176275	14
telegraph.405422	1
telegraph.405422	2
telegraph.405422	3
telegraph.405422	4
telegraph.405422	5
telegraph.405422	6
telegraph.405422	7
telegraph.405422	8
telegraph.405422	9
telegraph.405422	10
telegraph.405422	11
telegraph.405422	12
telegraph.405422	13
telegraph.405422	14
reuters.218933	1
reuters.218933	2
reuters.218933	3
reuters.218933	4
reuters.218933	5
reuters.218933	6
reuters.218933	7
reuters.218933	8
reuters.218933	9
reuters.218933	10
reuters.218933	11
newsweek.51328	1
newsweek.51328	2
newsweek.51328	3
newsweek.51328	4
newsweek.51328	5
newsweek.51328	6
newsweek.51328	7
newsweek.51328	8
newsweek.51328	9
newsweek.51328	10
newsweek.51328	11
newsweek.51328	12
newsweek.51328	13
newsweek.51328	14
newsweek.51328	15
newsweek.51328	16
newsweek.51328	17
newsweek.51328	18
newsweek.51328	19
newsweek.51307	1
newsweek.51307	2
newsweek.51307	3
newsweek.51307	4
newsweek.51307	5
newsweek.51307	6
newsweek.51307	7
newsweek.51307	8
newsweek.51307	9
newsweek.51307	10
newsweek.51307	11
newsweek.51307	12
newsweek.51307	13
newsweek.51307	14
newsweek.51307	15
newsweek.51307	16
newsweek.51307	17
newsweek.51307	18
newsweek.51307	19
newsweek.51307	20
newsweek.51307	21
newsweek.51307	22
bbc.381692	1
bbc.381692	2
bbc.381692	3
bbc.381692	4
bbc.381692	5
bbc.381692	6
bbc.381692	7
bbc.381692	8
bbc.381692	9
bbc.381692	10
bbc.381692	11
bbc.381692	12
independent.226346	1
independent.226346	2
independent.226346	3
independent.226346	4
independent.226346	5
independent.226346	6
independent.226346	7
independent.226346	8
independent.226346	9
independent.226346	10
independent.226346	11
independent.226346	12
independent.226346	13
independent.226346	14
independent.226346	15
independent.226346	16
independent.226346	17
independent.226346	18
bbc.381646	1
bbc.381646	2
bbc.381646	3
bbc.381646	4
bbc.381646	5
bbc.381646	6
bbc.381646	7
bbc.381646	8
bbc.381646	9
bbc.381646	10
bbc.381646	11
bbc.381646	12
bbc.381646	13
bbc.381646	14
bbc.381646	15
bbc.381646	16
bbc.381646	17
bbc.381646	18
bbc.381646	19
bbc.381646	20
bbc.381646	21
bbc.381646	22
bbc.381646	23
bbc.381646	24
bbc.381646	25
bbc.381646	26
reuters.218914	1
reuters.218914	2
reuters.218914	3
reuters.218914	4
reuters.218914	5
reuters.218914	6
reuters.218914	7
reuters.218914	8
reuters.218914	9
reuters.218914	10
reuters.218914	11
reuters.218914	12
reuters.218914	13
reuters.218914	14
reuters.218914	15
reuters.218914	16
reuters.218914	17
reuters.218914	18
reuters.218914	19
reuters.218914	20
scotsman.133758	1
scotsman.133758	2
scotsman.133758	3
scotsman.133758	4
scotsman.133758	5
scotsman.133758	6
scotsman.133758	7
scotsman.133758	8
scotsman.133758	9
scotsman.133758	10
scotsman.133758	11
scotsman.133758	12
scotsman.133758	13
scotsman.133758	14
scotsman.133758	15
scotsman.133758	16
scotsman.133758	17
scotsman.133758	18
scotsman.133758	19
scotsman.133758	20
scotsman.133758	21
scotsman.133758	22
scotsman.133758	23
scotsman.133758	24
rt.com.91350	1
rt.com.91350	2
rt.com.91350	3
rt.com.91350	4
rt.com.91350	5
rt.com.91350	6
rt.com.91350	7
rt.com.91350	8
rt.com.91350	9
rt.com.91350	10
rt.com.91350	11
rt.com.91350	12
rt.com.91350	13
rt.com.91350	14
rt.com.91350	15
rt.com.91350	16
rt.com.91350	17
rt.com.91350	18
rt.com.91350	19
rt.com.91350	20
scotsman.133773	1
scotsman.133773	2
scotsman.133773	3
scotsman.133773	4
scotsman.133773	5
scotsman.133773	6
scotsman.133773	7
scotsman.133773	8
scotsman.133773	9
scotsman.133773	10
scotsman.133773	11
scotsman.133773	12
scotsman.133773	13
scotsman.133773	14
scotsman.133773	15
scotsman.133773	16
scotsman.133773	17
scotsman.133773	18
scotsman.133773	19
scotsman.133773	20
scotsman.133773	21
scotsman.133773	22
scotsman.133773	23
scotsman.133773	24
scotsman.133773	25
scotsman.133773	26
scotsman.133773	27
rt.com.91334	1
rt.com.91334	2
rt.com.91334	3
rt.com.91334	4
rt.com.91334	5
rt.com.91334	6
rt.com.91334	7
rt.com.91334	8
rt.com.91334	9
rt.com.91334	10
rt.com.91334	11
rt.com.91334	12
rt.com.91334	13
rt.com.91334	14
rt.com.91334	15
rt.com.91334	16
rt.com.91334	17
rt.com.91334	18
rt.com.91334	19
rt.com.91334	20
rt.com.91334	21
bbc.381680	1
bbc.381680	2
bbc.381680	3
bbc.381680	4
bbc.381680	5
bbc.381680	6
bbc.381680	7
bbc.381680	8
bbc.381680	9
bbc.381680	10
bbc.381680	11
bbc.381680	12
bbc.381680	13
bbc.381680	14
bbc.381680	15
bbc.381680	16
bbc.381680	17
bbc.381680	18
bbc.381680	19
guardian.221756	1
guardian.221756	2
guardian.221756	3
guardian.221756	4
guardian.221756	5
guardian.221756	6
guardian.221756	7
guardian.221756	8
guardian.221756	9
guardian.221756	10
guardian.221756	11
guardian.221756	12
guardian.221756	13
guardian.221756	14
guardian.221756	15
guardian.221756	16
guardian.221756	17
guardian.221756	18
guardian.221756	19
guardian.221756	20
guardian.221756	21
guardian.221756	22
guardian.221756	23
scotsman.133783	1
scotsman.133783	2
scotsman.133783	3
scotsman.133783	4
scotsman.133783	5
scotsman.133783	6
scotsman.133783	7
scotsman.133783	8
scotsman.133783	9
scotsman.133783	10
cnn.304521	1
cnn.304521	2
cnn.304521	3
cnn.304521	4
cnn.304521	5
cnn.304521	6
cnn.304521	7
cnn.304521	8
cnn.304521	9
dailymail.co.uk.298622	1
dailymail.co.uk.298622	2
dailymail.co.uk.298622	3
dailymail.co.uk.298622	4
dailymail.co.uk.298622	5
dailymail.co.uk.298622	6
dailymail.co.uk.298622	7
dailymail.co.uk.298622	8
dailymail.co.uk.298622	9
dailymail.co.uk.298622	10
dailymail.co.uk.298622	11
dailymail.co.uk.298622	12
dailymail.co.uk.298622	13
dailymail.co.uk.298622	14
dailymail.co.uk.298622	15
dailymail.co.uk.298622	16
dailymail.co.uk.298622	17
dailymail.co.uk.298622	18
dailymail.co.uk.298622	19
dailymail.co.uk.298622	20
dailymail.co.uk.298622	21
bbc.381789	1
bbc.381789	2
bbc.381789	3
bbc.381789	4
bbc.381789	5
bbc.381789	6
bbc.381789	7
bbc.381789	8
bbc.381789	9
bbc.381789	10
bbc.381789	11
bbc.381789	12
bbc.381789	13
bbc.381789	14
bbc.381789	15
bbc.381789	16
bbc.381789	17
bbc.381789	18
bbc.381789	19
bbc.381789	20
bbc.381789	21
bbc.381789	22
bbc.381789	23
bbc.381789	24
dailymail.co.uk.298644	1
dailymail.co.uk.298644	2
dailymail.co.uk.298644	3
dailymail.co.uk.298644	4
dailymail.co.uk.298644	5
dailymail.co.uk.298644	6
dailymail.co.uk.298644	7
dailymail.co.uk.298644	8
dailymail.co.uk.298644	9
dailymail.co.uk.298644	10
dailymail.co.uk.298644	11
dailymail.co.uk.298644	12
dailymail.co.uk.298644	13
dailymail.co.uk.298644	14
dailymail.co.uk.298644	15
dailymail.co.uk.298602	1
dailymail.co.uk.298602	2
dailymail.co.uk.298602	3
dailymail.co.uk.298602	4
dailymail.co.uk.298602	5
dailymail.co.uk.298602	6
dailymail.co.uk.298602	7
dailymail.co.uk.298602	8
dailymail.co.uk.298602	9
dailymail.co.uk.298602	10
dailymail.co.uk.298602	11
dailymail.co.uk.298602	12
scotsman.133753	1
scotsman.133753	2
scotsman.133753	3
scotsman.133753	4
scotsman.133753	5
scotsman.133753	6
scotsman.133753	7
scotsman.133753	8
scotsman.133753	9
scotsman.133753	10
scotsman.133753	11
independent.226317	1
independent.226317	2
independent.226317	3
independent.226317	4
independent.226317	5
independent.226317	6
independent.226317	7
independent.226317	8
independent.226317	9
independent.226317	10
independent.226317	11
independent.226317	12
independent.226317	13
independent.226317	14
independent.226317	15
independent.226317	16
independent.226317	17
independent.226317	18
independent.226317	19
independent.226317	20
independent.226317	21
independent.226317	22
independent.226317	23
independent.226317	24
independent.226317	25
independent.226317	26
independent.226317	27
independent.226317	28
nytimes.184862	1
nytimes.184862	2
nytimes.184862	3
nytimes.184862	4
nytimes.184862	5
nytimes.184862	6
nytimes.184862	7
nytimes.184862	8
nytimes.184862	9
nytimes.184862	10
nytimes.184862	11
nytimes.184862	12
nytimes.184862	13
nytimes.184862	14
thelocal.65969	1
thelocal.65969	2
thelocal.65969	3
thelocal.65969	4
thelocal.65969	5
thelocal.65969	6
thelocal.65969	7
thelocal.65969	8
thelocal.65969	9
thelocal.65969	10
thelocal.65969	11
thelocal.65969	12
thelocal.65969	13
thelocal.65969	14
thelocal.65969	15
thelocal.65969	16
thelocal.65969	17
nytimes.184825	1
nytimes.184825	2
nytimes.184825	3
nytimes.184825	4
nytimes.184825	5
nytimes.184825	6
nytimes.184825	7
nytimes.184825	8
nytimes.184825	9
nytimes.184825	10
nytimes.184825	11
nytimes.184825	12
nytimes.184825	13
nytimes.184825	14
nytimes.184825	15
nytimes.184825	16
nytimes.184825	17
nytimes.184825	18
nytimes.184825	19
nytimes.184825	20
nytimes.184825	21
nytimes.184825	22
nytimes.184825	23
nytimes.184825	24
cnbc.com.6784	1
cnbc.com.6784	2
cnbc.com.6784	3
cnbc.com.6784	4
cnbc.com.6784	5
cnbc.com.6784	6
cnbc.com.6784	7
cnbc.com.6784	8
cnbc.com.6784	9
nytimes.184804	1
nytimes.184804	2
nytimes.184804	3
nytimes.184804	4
nytimes.184804	5
nytimes.184804	6
nytimes.184804	7
nytimes.184804	8
nytimes.184804	9
nytimes.184804	10
nytimes.184804	11
nytimes.184804	12
nytimes.184830	1
nytimes.184830	2
nytimes.184830	3
nytimes.184830	4
nytimes.184830	5
nytimes.184830	6
nytimes.184830	7
nytimes.184830	8
nytimes.184830	9
nytimes.184830	10
nytimes.184830	11
nytimes.184830	12
nytimes.184830	13
nytimes.184830	14
nytimes.184830	15
nytimes.184830	16
nytimes.184830	17
nytimes.184830	18
nytimes.184830	19
nytimes.184830	20
nytimes.184830	21
scotsman.133801	1
scotsman.133801	2
scotsman.133801	3
scotsman.133801	4
scotsman.133801	5
scotsman.133801	6
scotsman.133801	7
scotsman.133801	8
scotsman.133801	9
scotsman.133801	10
scotsman.133801	11
scotsman.133801	12
cnbc.com.6770	1
cnbc.com.6770	2
cnbc.com.6770	3
cnbc.com.6770	4
cnbc.com.6770	5
cnbc.com.6770	6
cnbc.com.6770	7
cnbc.com.6770	8
cnbc.com.6770	9
cnbc.com.6770	10
cnbc.com.6770	11
cnbc.com.6770	12
cnbc.com.6770	13
cnbc.com.6770	14
cnbc.com.6770	15
cnbc.com.6770	16
cnbc.com.6770	17
cnbc.com.6770	18
cnbc.com.6770	19
cnbc.com.6770	20
cnbc.com.6770	21
bbc.381760	1
bbc.381760	2
bbc.381760	3
bbc.381760	4
bbc.381760	5
bbc.381760	6
reuters.218865	1
reuters.218865	2
reuters.218865	3
reuters.218865	4
reuters.218865	5
reuters.218865	6
reuters.218865	7
reuters.218865	8
reuters.218865	9
reuters.218865	10
reuters.218865	11
reuters.218865	12
reuters.218865	13
reuters.218865	14
reuters.218865	15
reuters.218865	16
reuters.218865	17
reuters.218865	18
reuters.218865	19
reuters.218865	20
reuters.218865	21
reuters.218865	22
reuters.218865	23
reuters.218865	24
reuters.218865	25
reuters.218865	26
reuters.218865	27
newsweek.51339	1
newsweek.51339	2
newsweek.51339	3
newsweek.51339	4
newsweek.51339	5
newsweek.51339	6
newsweek.51339	7
newsweek.51339	8
newsweek.51339	9
newsweek.51339	10
newsweek.51339	11
newsweek.51339	12
newsweek.51339	13
newsweek.51339	14
newsweek.51339	15
euronews-en.153797	1
euronews-en.153797	2
euronews-en.153797	3
euronews-en.153797	4
euronews-en.153797	5
euronews-en.153797	6
euronews-en.153797	7
abcnews.306774	1
abcnews.306774	2
abcnews.306774	3
abcnews.306774	4
abcnews.306774	5
abcnews.306774	6
abcnews.306774	7
abcnews.306774	8
abcnews.306774	9
abcnews.306774	10
abcnews.306774	11
abcnews.306774	12
abcnews.306774	13
abcnews.306774	14
abcnews.306774	15
abcnews.306774	16
abcnews.306774	17
abcnews.306774	18
abcnews.306774	19
abcnews.306774	20
abcnews.306774	21
dailymail.co.uk.298696	1
dailymail.co.uk.298696	2
dailymail.co.uk.298696	3
dailymail.co.uk.298696	4
dailymail.co.uk.298696	5
dailymail.co.uk.298696	6
dailymail.co.uk.298696	7
dailymail.co.uk.298696	8
dailymail.co.uk.298696	9
dailymail.co.uk.298696	10
dailymail.co.uk.298696	11
dailymail.co.uk.298696	12
dailymail.co.uk.298696	13
dailymail.co.uk.298696	14
dailymail.co.uk.298696	15
dailymail.co.uk.298696	16
dailymail.co.uk.298696	17
dailymail.co.uk.298696	18
dailymail.co.uk.298696	19
dailymail.co.uk.298696	20
dailymail.co.uk.298696	21
dailymail.co.uk.298696	22
dailymail.co.uk.298696	23
dailymail.co.uk.298696	24
dailymail.co.uk.298696	25
dailymail.co.uk.298696	26
dailymail.co.uk.298696	27
dailymail.co.uk.298696	28
dailymail.co.uk.298696	29
abcnews.306755	1
abcnews.306755	2
abcnews.306755	3
abcnews.306755	4
abcnews.306755	5
abcnews.306755	6
abcnews.306755	7
abcnews.306755	8
reuters.218909	1
reuters.218909	2
reuters.218909	3
reuters.218909	4
reuters.218909	5
reuters.218909	6
reuters.218909	7
reuters.218909	8
reuters.218909	9
reuters.218909	10
independent.226349	1
independent.226349	2
independent.226349	3
independent.226349	4
independent.226349	5
independent.226349	6
independent.226349	7
independent.226349	8
independent.226349	9
independent.226349	10
newsweek.51330	1
newsweek.51330	2
newsweek.51330	3
newsweek.51330	4
newsweek.51330	5
newsweek.51330	6
newsweek.51330	7
newsweek.51330	8
newsweek.51330	9
newsweek.51330	10
newsweek.51330	11
newsweek.51330	12
newsweek.51330	13
newsweek.51330	14
newsweek.51330	15
newsweek.51330	16
newsweek.51330	17
newsweek.51330	18
newsweek.51330	19
newsweek.51330	20
newsweek.51330	21
bbc.381705	1
bbc.381705	2
bbc.381705	3
bbc.381705	4
bbc.381705	5
bbc.381705	6
bbc.381705	7
bbc.381705	8
bbc.381705	9
bbc.381705	10
bbc.381705	11
bbc.381705	12
bbc.381705	13
bbc.381705	14
newsweek.51340	1
newsweek.51340	2
newsweek.51340	3
newsweek.51340	4
newsweek.51340	5
newsweek.51340	6
newsweek.51340	7
newsweek.51340	8
newsweek.51340	9
newsweek.51340	10
newsweek.51340	11
newsweek.51340	12
newsweek.51340	13
newsweek.51340	14
newsweek.51340	15
newsweek.51340	16
newsweek.51340	17
newsweek.51340	18
newsweek.51340	19
newsweek.51340	20
newsweek.51340	21
newsweek.51340	22
newsweek.51340	23
newsweek.51340	24
cbsnews.248411	1
cbsnews.248411	2
cbsnews.248411	3
cbsnews.248411	4
cbsnews.248411	5
cbsnews.248411	6
cbsnews.248411	7
cbsnews.248411	8
cbsnews.248411	9
cbsnews.248411	10
cbsnews.248411	11
cbsnews.248411	12
cbsnews.248411	13
cbsnews.248411	14
cbsnews.248411	15
cbsnews.248411	16
cbsnews.248411	17
abcnews.306776	1
abcnews.306776	2
abcnews.306776	3
abcnews.306776	4
abcnews.306776	5
abcnews.306776	6
abcnews.306776	7
abcnews.306776	8
abcnews.306776	9
abcnews.306776	10
abcnews.306776	11
abcnews.306776	12
abcnews.306776	13
abcnews.306776	14
bbc.381694	1
bbc.381694	2
bbc.381694	3
bbc.381694	4
bbc.381694	5
rt.com.91356	1
rt.com.91356	2
rt.com.91356	3
rt.com.91356	4
rt.com.91356	5
rt.com.91356	6
rt.com.91356	7
rt.com.91356	8
rt.com.91356	9
rt.com.91356	10
rt.com.91356	11
rt.com.91356	12
rt.com.91356	13
rt.com.91356	14
rt.com.91356	15
rt.com.91356	16
rt.com.91356	17
rt.com.91356	18
rt.com.91356	19
rt.com.91356	20
rt.com.91356	21
rt.com.91356	22
telegraph.405430	1
telegraph.405430	2
telegraph.405430	3
telegraph.405430	4
telegraph.405430	5
telegraph.405430	6
telegraph.405430	7
telegraph.405430	8
telegraph.405430	9
telegraph.405404	1
telegraph.405404	2
telegraph.405404	3
telegraph.405404	4
telegraph.405404	5
telegraph.405404	6
telegraph.405404	7
telegraph.405404	8
telegraph.405404	9
telegraph.405404	10
telegraph.405404	11
telegraph.405404	12
telegraph.405404	13
telegraph.405404	14
telegraph.405404	15
telegraph.405404	16
telegraph.405404	17
telegraph.405404	18
telegraph.405404	19
bbc.381749	1
bbc.381749	2
bbc.381749	3
bbc.381749	4
bbc.381749	5
bbc.381749	6
bbc.381749	7
bbc.381749	8
bbc.381749	9
bbc.381749	10
bbc.381749	11
bbc.381749	12
bbc.381749	13
bbc.381749	14
bbc.381749	15
bbc.381749	16
bbc.381749	17
bbc.381749	18
bbc.381749	19
bbc.381749	20
bbc.381749	21
telegraph.405413	1
telegraph.405413	2
telegraph.405413	3
telegraph.405413	4
telegraph.405413	5
telegraph.405413	6
telegraph.405413	7
telegraph.405413	8
telegraph.405413	9
bbc.381736	1
bbc.381736	2
bbc.381736	3
bbc.381736	4
bbc.381736	5
bbc.381736	6
bbc.381736	7
bbc.381736	8
bbc.381736	9
bbc.381736	10
bbc.381736	11
bbc.381736	12
bbc.381736	13
bbc.381736	14
cbsnews.248394	1
cbsnews.248394	2
cbsnews.248394	3
cbsnews.248394	4
cbsnews.248394	5
cbsnews.248394	6
cbsnews.248394	7
cbsnews.248394	8
cbsnews.248394	9
cbsnews.248394	10
cbsnews.248394	11
cbsnews.248394	12
cbsnews.248394	13
cbsnews.248394	14
cbsnews.248394	15
nytimes.184822	1
nytimes.184822	2
nytimes.184822	3
nytimes.184822	4
nytimes.184822	5
nytimes.184822	6
nytimes.184822	7
nytimes.184822	8
nytimes.184822	9
nytimes.184822	10
nytimes.184822	11
nytimes.184822	12
nytimes.184822	13
nytimes.184822	14
nytimes.184822	15
nytimes.184822	16
nytimes.184822	17
nytimes.184822	18
nytimes.184822	19
nytimes.184822	20
nytimes.184822	21
nytimes.184822	22
nytimes.184822	23
nytimes.184822	24
nytimes.184822	25
nytimes.184822	26
nytimes.184822	27
telegraph.405408	1
telegraph.405408	2
telegraph.405408	3
telegraph.405408	4
telegraph.405408	5
telegraph.405408	6
telegraph.405408	7
telegraph.405408	8
telegraph.405408	9
euronews-en.153799	1
euronews-en.153799	2
euronews-en.153799	3
euronews-en.153799	4
euronews-en.153799	5
euronews-en.153799	6
euronews-en.153799	7
euronews-en.153799	8
euronews-en.153799	9
euronews-en.153799	10
euronews-en.153826	1
euronews-en.153826	2
euronews-en.153826	3
euronews-en.153826	4
euronews-en.153826	5
euronews-en.153826	6
euronews-en.153826	7
euronews-en.153826	8
euronews-en.153826	9
euronews-en.153826	10
euronews-en.153826	11
euronews-en.153826	12
euronews-en.153826	13
euronews-en.153826	14
euronews-en.153826	15
euronews-en.153826	16
euronews-en.153826	17
euronews-en.153826	18
euronews-en.153826	19
euronews-en.153826	20
euronews-en.153826	21
euronews-en.153826	22
euronews-en.153826	23
euronews-en.153826	24
euronews-en.153826	25
euronews-en.153826	26
euronews-en.153826	27
euronews-en.153826	28
euronews-en.153826	29
cnn.304400	1
cnn.304400	2
cnn.304400	3
cnn.304400	4
cnn.304400	5
cnn.304400	6
cnn.304400	7
cnn.304400	8
cnn.304400	9
